"Total.Cup.Points","altitude_mean_meters_adj","Country.of.Origin","Harvest.Year","Variety","Processing.Method","total_defects","Quakers","Processing.Method_Other","Processing.Method_Pulped natural / honey","Processing.Method_Semi-washed / Semi-pulped","Processing.Method_Washed / Wet","variety_adj","variety_adj_Bourbon","variety_adj_Catuai","variety_adj_Caturra","variety_adj_Typica","variety_adj_Yellow Bourbon","Non_Tropical"
90.58,2075,"Ethiopia","2014","","Washed / Wet",0,0,0,0,0,1,"Other",0,0,0,0,0,0
87.58,2080,"United States","2014","Other","Washed / Wet",0,0,0,0,0,1,"Other",0,0,0,0,0,1
87.25,1850,"Ethiopia","2014","Ethiopian Yirgacheffe","Natural / Dry",8,0,0,0,0,0,"Other",0,0,0,0,0,0
86.17,1941,"United States","2014","Other","Washed / Wet",0,0,0,0,0,1,"Other",0,0,0,0,0,1
86.17,1300,"Thailand","2012","Caturra","Washed / Wet",10,0,0,0,0,1,"Caturra",0,0,1,0,0,0
86.08,1250,"Brazil","2011","Bourbon","Semi-washed / Semi-pulped",2,0,0,0,1,0,"Bourbon",1,0,0,0,0,0
86,1200,"Colombia","2013","Caturra","Washed / Wet",2,0,0,0,0,1,"Caturra",0,0,1,0,0,0
86,1860,"Kenya","2013","SL28","Washed / Wet",1,0,0,0,0,1,"Other",0,0,0,0,0,0
85.92,1800,"Colombia","2013","Caturra","Washed / Wet",1,0,0,0,0,1,"Caturra",0,0,1,0,0,0
85.5,1900,"Kenya","2014","SL28","Natural / Dry",3,0,0,0,0,0,"Other",0,0,0,0,0,0
85.33,1700,"China","2015","Catimor","Natural / Dry",0,0,0,0,0,0,"Other",0,0,0,0,0,1
85.33,1300,"Costa Rica","2014","Caturra","Washed / Wet",2,0,0,0,0,1,"Caturra",0,0,1,0,0,0
85.33,1200,"Kenya","2012","SL34","Washed / Wet",6,0,0,0,0,1,"Other",0,0,0,0,0,0
85.17,1325,"Indonesia","2012","Sumatra Lintong","Semi-washed / Semi-pulped",3,0,0,0,1,0,"Other",0,0,0,0,0,0
85.17,1400,"Guatemala","2012","Caturra","Washed / Wet",7,0,0,0,0,1,"Caturra",0,0,1,0,0,0
85,1800,"Uganda","2016","SL14","Washed / Wet",1,0,0,0,0,1,"Other",0,0,0,0,0,0
84.92,1775,"Colombia","2015","Caturra","Washed / Wet",1,0,0,0,0,1,"Caturra",0,0,1,0,0,0
84.92,1200,"Brazil","2011","Bourbon","Natural / Dry",2,0,0,0,0,0,"Bourbon",1,0,0,0,0,0
84.67,1350,"El Salvador","2016","Bourbon","Washed / Wet",2,0,0,0,0,1,"Bourbon",1,0,0,0,0,0
84.67,1200,"Indonesia","2016","Java","Washed / Wet",7,0,0,0,0,1,"Other",0,0,0,0,0,0
84.67,1150,"Costa Rica","2015","Catuai","Washed / Wet",2,0,0,0,0,1,"Catuai",0,1,0,0,0,0
84.67,1200,"Costa Rica","2014","Catuai","Washed / Wet",4,0,0,0,0,1,"Catuai",0,1,0,0,0,0
84.67,1550,"Colombia","2013","Caturra","Washed / Wet",0,0,0,0,0,1,"Caturra",0,0,1,0,0,0
84.67,399.483072,"Guatemala","2012","Bourbon","Washed / Wet",4,0,0,0,0,1,"Bourbon",1,0,0,0,0,0
84.67,1775,"Uganda","2012","Other","Washed / Wet",3,0,0,0,0,1,"Other",0,0,0,0,0,0
84.58,371.61216,"Guatemala","2014","Bourbon","Washed / Wet",0,0,0,0,0,1,"Bourbon",1,0,0,0,0,0
84.58,1750,"Colombia","2013","Caturra","Washed / Wet",5,0,0,0,0,1,"Caturra",0,0,1,0,0,0
84.58,1575,"Costa Rica","2012","Bourbon","Semi-washed / Semi-pulped",2,0,0,0,1,0,"Bourbon",1,0,0,0,0,0
84.5,1750,"Uganda","2016","SL14","Washed / Wet",1,0,0,0,0,1,"Other",0,0,0,0,0,0
84.5,1800,"Colombia","2015/2016","Other","Washed / Wet",1,0,0,0,0,1,"Other",0,0,0,0,0,0
84.5,1100,"China","2013","Other","Washed / Wet",2,0,0,0,0,1,"Other",0,0,0,0,0,1
84.5,2000,"Kenya","2012","SL28","Washed / Wet",0,0,0,0,0,1,"Other",0,0,0,0,0,0
84.42,1775,"Colombia","2014","Caturra","Washed / Wet",3,0,0,0,0,1,"Caturra",0,0,1,0,0,0
84.33,1800,"Kenya","2017 / 2018","SL28","Washed / Wet",4,0,0,0,0,1,"Other",0,0,0,0,0,0
84.33,1700,"Mexico","2012","Typica","Washed / Wet",1,0,0,0,0,1,"Typica",0,0,0,1,0,1
84.25,1500,"Guatemala","2016","Caturra","Washed / Wet",4,4,0,0,0,1,"Caturra",0,0,1,0,0,0
84.25,1775,"Colombia","2015","Caturra","Washed / Wet",3,0,0,0,0,1,"Caturra",0,0,1,0,0,0
84.25,1600,"Tanzania, United Republic Of","2014","Other","Washed / Wet",2,0,0,0,0,1,"Other",0,0,0,0,0,0
84.25,1700,"Colombia","2013","Caturra","Washed / Wet",2,0,0,0,0,1,"Caturra",0,0,1,0,0,0
84.25,1450,"Mexico","2012","Typica","Semi-washed / Semi-pulped",1,0,0,0,1,0,"Typica",0,0,0,1,0,1
84.25,1170,"Mexico","2012","Bourbon","Washed / Wet",0,0,0,0,0,1,"Bourbon",1,0,0,0,0,1
84.25,1400,"Mexico","2012","Bourbon","Washed / Wet",4,0,0,0,0,1,"Bourbon",1,0,0,0,0,1
84.25,1700,"Uganda","2012","Other","Natural / Dry",33,0,0,0,0,0,"Other",0,0,0,0,0,0
84.17,1775,"Colombia","2015","Caturra","Washed / Wet",0,0,0,0,0,1,"Caturra",0,0,1,0,0,0
84.17,1150,"Brazil","2015","Catuai","Natural / Dry",16,0,0,0,0,0,"Catuai",0,1,0,0,0,0
84.17,1530,"Colombia","2014/2015","Other","Washed / Wet",4,0,0,0,0,1,"Other",0,0,0,0,0,0
84.17,250.5,"Kenya","2013","SL28","Washed / Wet",0,0,0,0,0,1,"Other",0,0,0,0,0,0
84.17,1038.5,"Brazil","2012","Mundo Novo","Natural / Dry",3,0,0,0,0,0,"Other",0,0,0,0,0,0
84.17,1750,"Colombia","2012","Caturra","Washed / Wet",2,0,0,0,0,1,"Caturra",0,0,1,0,0,0
84,1800,"Ethiopia","2017","Gesha","Natural / Dry",4,11,0,0,0,0,"Other",0,0,0,0,0,0
84,1500,"Honduras","2017","Caturra","Washed / Wet",5,0,0,0,0,1,"Caturra",0,0,1,0,0,0
84,371.61216,"Guatemala","2014","Bourbon","Natural / Dry",1,0,0,0,0,0,"Bourbon",1,0,0,0,0,0
84,1480,"Colombia","2014","","Washed / Wet",0,0,0,0,0,1,"Other",0,0,0,0,0,0
84,1450,"Colombia","2014","Caturra","Natural / Dry",0,0,0,0,0,0,"Caturra",0,0,1,0,0,0
84,1775,"Colombia","2014","Caturra","Washed / Wet",3,0,0,0,0,1,"Caturra",0,0,1,0,0,0
84,1550,"Ethiopia","2013","Other","Natural / Dry",44,0,0,0,0,0,"Other",0,0,0,0,0,0
83.92,934,"Brazil","2016","Bourbon","Natural / Dry",7,2,0,0,0,0,"Bourbon",1,0,0,0,0,0
83.92,1400,"Mexico","2012","Typica","Washed / Wet",2,0,0,0,0,1,"Typica",0,0,0,1,0,1
83.83,1500,"Guatemala","2016","Bourbon","Washed / Wet",6,7,0,0,0,1,"Bourbon",1,0,0,0,0,0
83.83,1200,"Brazil","2014/2015","Bourbon","Semi-washed / Semi-pulped",1,0,0,0,1,0,"Bourbon",1,0,0,0,0,0
83.83,800,"Ecuador","2013","","Natural / Dry",0,0,0,0,0,0,"Other",0,0,0,0,0,0
83.83,1250,"Brazil","2011/2012","Yellow Bourbon","Semi-washed / Semi-pulped",3,0,0,0,1,0,"Yellow Bourbon",0,0,0,0,1,0
83.75,260.128512,"United States (Puerto Rico)","2013","Other","Washed / Wet",1,0,0,0,0,1,"Other",0,0,0,0,0,0
83.75,1775,"Colombia","2014","Caturra","Washed / Wet",5,0,0,0,0,1,"Caturra",0,0,1,0,0,0
83.75,1550,"Colombia","2014","Other","Washed / Wet",3,0,0,0,0,1,"Other",0,0,0,0,0,0
83.75,1750,"Colombia","2013","Caturra","Washed / Wet",1,0,0,0,0,1,"Caturra",0,0,1,0,0,0
83.75,1300,"Guatemala","2012","Caturra","Washed / Wet",1,0,0,0,0,1,"Caturra",0,0,1,0,0,0
83.67,1400,"Honduras","2016","Caturra","Washed / Wet",2,0,0,0,0,1,"Caturra",0,0,1,0,0,0
83.67,1200,"Taiwan","2015","Caturra","Natural / Dry",0,0,0,0,0,0,"Caturra",0,0,1,0,0,1
83.67,1625,"Colombia","2014/2015","Caturra","Washed / Wet",4,0,0,0,0,1,"Caturra",0,0,1,0,0,0
83.67,1750,"Colombia","2013","Caturra","Washed / Wet",3,0,0,0,0,1,"Caturra",0,0,1,0,0,0
83.67,399.483072,"Guatemala","2013","Bourbon","Washed / Wet",4,0,0,0,0,1,"Bourbon",1,0,0,0,0,0
83.67,399.483072,"Guatemala","2013","Bourbon","Washed / Wet",2,0,0,0,0,1,"Bourbon",1,0,0,0,0,0
83.67,464.5152,"Guatemala","2012","Caturra","Washed / Wet",0,0,0,0,0,1,"Caturra",0,0,1,0,0,0
83.58,890,"Brazil","2017 / 2018","Bourbon","Natural / Dry",5,0,0,0,0,0,"Bourbon",1,0,0,0,0,0
83.58,1775,"Colombia","2015","Caturra","Washed / Wet",3,0,0,0,0,1,"Caturra",0,0,1,0,0,0
83.58,1800,"Uganda","2013","SL14","Washed / Wet",5,0,0,0,0,1,"Other",0,0,0,0,0,0
83.58,1600,"Colombia","2014","Caturra","Natural / Dry",0,0,0,0,0,0,"Caturra",0,0,1,0,0,0
83.58,2136,"Colombia","2012","Caturra","Natural / Dry",4,0,0,0,0,0,"Caturra",0,0,1,0,0,0
83.58,1100,"Brazil","2012","Catuai","Semi-washed / Semi-pulped",2,0,0,0,1,0,"Catuai",0,1,0,0,0,0
83.5,1799,"Colombia","2016","Caturra","Washed / Wet",5,0,0,0,0,1,"Caturra",0,0,1,0,0,0
83.5,1850,"Costa Rica","2015","Caturra","Washed / Wet",0,0,0,0,0,1,"Caturra",0,0,1,0,0,0
83.5,1400,"Tanzania, United Republic Of","2015","Ruiru 11","Washed / Wet",21,0,0,0,0,1,"Other",0,0,0,0,0,0
83.5,940,"Mexico","2012","Typica","Semi-washed / Semi-pulped",12,0,0,0,1,0,"Typica",0,0,0,1,0,1
83.5,464.5152,"Guatemala","2012","Caturra","Washed / Wet",5,0,0,0,0,1,"Caturra",0,0,1,0,0,0
83.42,1850,"Costa Rica","2016","Caturra","Washed / Wet",4,0,0,0,0,1,"Caturra",0,0,1,0,0,0
83.42,1200,"Thailand","2015","Catimor","Washed / Wet",0,0,0,0,0,1,"Other",0,0,0,0,0,0
83.42,442,"Colombia","2015","Caturra","Natural / Dry",4,0,0,0,0,0,"Caturra",0,0,1,0,0,0
83.33,1300,"Costa Rica","2014","Caturra","Washed / Wet",3,0,0,0,0,1,"Caturra",0,0,1,0,0,0
83.33,399.483072,"Guatemala","2013","Bourbon","Washed / Wet",3,0,0,0,0,1,"Bourbon",1,0,0,0,0,0
83.25,1600,"Mexico","2017","Typica","Washed / Wet",0,0,0,0,0,1,"Typica",0,0,0,1,0,1
83.25,2100,"Guatemala","2016","Pacas","Washed / Wet",7,2,0,0,0,1,"Other",0,0,0,0,0,0
83.25,1000,"Taiwan","2015","Bourbon","Washed / Wet",0,0,0,0,0,1,"Bourbon",1,0,0,0,0,1
83.25,1483,"Colombia","2014","Caturra","Natural / Dry",0,0,0,0,0,0,"Caturra",0,0,1,0,0,0
83.25,1000,"Mexico","2012","Caturra","Washed / Wet",0,0,0,0,0,1,"Caturra",0,0,1,0,0,1
83.25,399.483072,"Guatemala","2012","Bourbon","Washed / Wet",9,0,0,0,0,1,"Bourbon",1,0,0,0,0,0
83.25,1775,"Colombia","2012","Caturra","Washed / Wet",0,0,0,0,0,1,"Caturra",0,0,1,0,0,0
83.17,1550,"Vietnam","2017","Catimor","Natural / Dry",0,0,0,0,0,0,"Other",0,0,0,0,0,0
83.17,1200,"China","2015","Catimor","Washed / Wet",0,0,0,0,0,1,"Other",0,0,0,0,0,1
83.17,1650,"Guatemala","2015","Bourbon","Washed / Wet",3,0,0,0,0,1,"Bourbon",1,0,0,0,0,0
83.17,800,"Thailand","2014","","Washed / Wet",0,0,0,0,0,1,"Other",0,0,0,0,0,0
83.17,1800,"Uganda","2014","SL14","Washed / Wet",0,0,0,0,0,1,"Other",0,0,0,0,0,0
83.17,1450,"Honduras","2013","Catuai","Natural / Dry",5,0,0,0,0,0,"Catuai",0,1,0,0,0,0
83.17,464.5152,"Guatemala","2014","Catuai","Washed / Wet",1,0,0,0,0,1,"Catuai",0,1,0,0,0,0
83.17,1500,"Mexico","2013","Typica","Washed / Wet",2,0,0,0,0,1,"Typica",0,0,0,1,0,1
83.17,1775,"Colombia","2012","Caturra","Washed / Wet",3,0,0,0,0,1,"Caturra",0,0,1,0,0,0
83.17,1380,"Mexico","2012","Typica","Washed / Wet",5,0,0,0,0,1,"Typica",0,0,0,1,0,1
83.17,427.353984,"Guatemala","2012","Bourbon","Washed / Wet",10,0,0,0,0,1,"Bourbon",1,0,0,0,0,0
83.08,1799,"Colombia","2016","Caturra","Washed / Wet",4,1,0,0,0,1,"Caturra",0,0,1,0,0,0
83.08,1,"Brazil","2015/2016","Yellow Bourbon","Natural / Dry",3,0,0,0,0,0,"Yellow Bourbon",0,0,0,0,1,0
83.08,1200,"Brazil","2014/2015","Bourbon","Washed / Wet",1,0,0,0,0,1,"Bourbon",1,0,0,0,0,0
83,872,"Brazil","2016","Bourbon","Natural / Dry",3,2,0,0,0,0,"Bourbon",1,0,0,0,0,0
83,1473,"Uganda","2015","Bourbon","Washed / Wet",6,0,0,0,0,1,"Bourbon",1,0,0,0,0,0
83,260.128512,"United States (Puerto Rico)","2013","Other","Washed / Wet",0,0,0,0,0,1,"Other",0,0,0,0,0,0
83,1500,"Guatemala","2014","Bourbon","Washed / Wet",1,0,0,0,0,1,"Bourbon",1,0,0,0,0,0
83,1250,"Brazil","2013/2014","Yellow Bourbon","Semi-washed / Semi-pulped",4,0,0,0,1,0,"Yellow Bourbon",0,0,0,0,1,0
83,1775,"Colombia","2013","Caturra","Washed / Wet",2,0,0,0,0,1,"Caturra",0,0,1,0,0,0
83,1000,"Colombia","2013","Caturra","Natural / Dry",2,0,0,0,0,0,"Caturra",0,0,1,0,0,0
83,750,"Mexico","2012","Typica","Washed / Wet",20,0,0,0,0,1,"Typica",0,0,0,1,0,1
83,1200,"Mexico","2012","Typica","Semi-washed / Semi-pulped",7,0,0,0,1,0,"Typica",0,0,0,1,0,1
83,1200,"Mexico","2012","Bourbon","Washed / Wet",13,0,0,0,0,1,"Bourbon",1,0,0,0,0,1
82.92,890,"Brazil","2017 / 2018","Bourbon","Natural / Dry",0,0,0,0,0,0,"Bourbon",1,0,0,0,0,0
82.92,1200,"Philippines","2015","Other","Washed / Wet",1,0,0,0,0,1,"Other",0,0,0,0,0,0
82.92,1400,"Uganda","2013","SL14","Washed / Wet",4,0,0,0,0,1,"Other",0,0,0,0,0,0
82.92,1500,"Guatemala","2014","Bourbon","Washed / Wet",1,0,0,0,0,1,"Bourbon",1,0,0,0,0,0
82.92,1500,"Guatemala","2014","Caturra","Natural / Dry",2,0,0,0,0,0,"Caturra",0,0,1,0,0,0
82.92,1750,"Colombia","2013","Caturra","Natural / Dry",0,0,0,0,0,0,"Caturra",0,0,1,0,0,0
82.92,1450,"Colombia","2013","Other","Washed / Wet",8,0,0,0,0,1,"Other",0,0,0,0,0,0
82.92,1248,"Mexico","2012","Typica","Natural / Dry",4,0,0,0,0,0,"Typica",0,0,0,1,0,1
82.83,1700,"Guatemala","2017","Bourbon","Washed / Wet",3,1,0,0,0,1,"Bourbon",1,0,0,0,0,0
82.83,1250,"El Salvador","2016","Pacas","Washed / Wet",4,0,0,0,0,1,"Other",0,0,0,0,0,0
82.83,900,"Brazil","2015","Catuai","Natural / Dry",8,0,0,0,0,0,"Catuai",0,1,0,0,0,0
82.83,1380,"Mexico","2012","Typica","Washed / Wet",2,0,0,0,0,1,"Typica",0,0,0,1,0,1
82.75,371.61216,"Guatemala","2017","Bourbon","Washed / Wet",1,0,0,0,0,1,"Bourbon",1,0,0,0,0,0
82.75,371.61216,"Guatemala","2017","Bourbon","Washed / Wet",1,0,0,0,0,1,"Bourbon",1,0,0,0,0,0
82.75,1442,"Malawi","2014","Gesha","Washed / Wet",0,0,0,0,0,1,"Other",0,0,0,0,0,0
82.75,464.5152,"Guatemala","2014","Pacas","Washed / Wet",2,0,0,0,0,1,"Other",0,0,0,0,0,0
82.67,890,"Brazil","2017 / 2018","Bourbon","Natural / Dry",4,0,0,0,0,0,"Bourbon",1,0,0,0,0,0
82.67,1,"Brazil","2015/2016","Yellow Bourbon","Natural / Dry",0,0,0,0,0,0,"Yellow Bourbon",0,0,0,0,1,0
82.67,1500,"Guatemala","2012","Caturra","Washed / Wet",0,0,0,0,0,1,"Caturra",0,0,1,0,0,0
82.58,1050,"Taiwan","2016","Typica","Pulped natural / honey",0,5,0,1,0,0,"Typica",0,0,0,1,0,1
82.58,1450,"Thailand","2014","Caturra","Washed / Wet",1,0,0,0,0,1,"Caturra",0,0,1,0,0,0
82.58,1300,"Costa Rica","2013","Catuai","Washed / Wet",3,0,0,0,0,1,"Catuai",0,1,0,0,0,0
82.5,1250,"Indonesia","2017","Other","Washed / Wet",5,0,0,0,0,1,"Other",0,0,0,0,0,0
82.42,48.12377472,"Guatemala","2017","Bourbon","Washed / Wet",0,0,0,0,0,1,"Bourbon",1,0,0,0,0,0
82.42,1400,"Guatemala","2013","Caturra","Washed / Wet",0,0,0,0,0,1,"Caturra",0,0,1,0,0,0
82.42,1260,"Brazil","2013/2014","Yellow Bourbon","Natural / Dry",0,0,0,0,0,0,"Yellow Bourbon",0,0,0,0,1,0
82.42,1170,"Mexico","2013","Bourbon","Washed / Wet",0,0,0,0,0,1,"Bourbon",1,0,0,0,0,1
82.42,1560,"Mexico","2013","Typica","Washed / Wet",5,0,0,0,0,1,"Typica",0,0,0,1,0,1
82.42,1400,"Mexico","2012","Typica","Semi-washed / Semi-pulped",2,0,0,0,1,0,"Typica",0,0,0,1,0,1
82.42,1300,"Mexico","2012","Typica","Washed / Wet",9,0,0,0,0,1,"Typica",0,0,0,1,0,1
82.42,1350,"Mexico","2012","Pacamara","Washed / Wet",6,0,0,0,0,1,"Other",0,0,0,0,0,1
82.42,1450,"Mexico","2012","Typica","Washed / Wet",0,0,0,0,0,1,"Typica",0,0,0,1,0,1
82.33,982,"Brazil","2016","Catuai","Natural / Dry",11,3,0,0,0,0,"Catuai",0,1,0,0,0,0
82.33,1550,"Costa Rica","2015","Catuai","Washed / Wet",0,2,0,0,0,1,"Catuai",0,1,0,0,0,0
82.33,1580,"China","2015","Catimor","Pulped natural / honey",2,6,0,1,0,0,"Other",0,0,0,0,0,1
82.33,510.96672,"Guatemala","2015","Bourbon","Washed / Wet",6,0,0,0,0,1,"Bourbon",1,0,0,0,0,0
82.33,464.5152,"Guatemala","2014","Pacas","Washed / Wet",3,0,0,0,0,1,"Other",0,0,0,0,0,0
82.33,534.19248,"Guatemala","2012","Bourbon","Washed / Wet",3,0,0,0,0,1,"Bourbon",1,0,0,0,0,0
82.33,950,"Brazil","2012","Mundo Novo","Washed / Wet",2,0,0,0,0,1,"Other",0,0,0,0,0,0
82.25,1450,"Guatemala","2016","Pacas","Washed / Wet",2,2,0,0,0,1,"Other",0,0,0,0,0,0
82.25,1,"Brazil","2015/2016","Yellow Bourbon","Natural / Dry",9,0,0,0,0,0,"Yellow Bourbon",0,0,0,0,1,0
82.25,1500,"El Salvador","2014","Bourbon","Washed / Wet",0,0,0,0,0,1,"Bourbon",1,0,0,0,0,0
82.25,1350,"Honduras","2015","Catuai","Washed / Wet",2,0,0,0,0,1,"Catuai",0,1,0,0,0,0
82.25,1338,"Mexico","2013","Mundo Novo","Washed / Wet",4,0,0,0,0,1,"Other",0,0,0,0,0,1
82.25,1170,"Mexico","2012","Bourbon","Washed / Wet",3,0,0,0,0,1,"Bourbon",1,0,0,0,0,1
82.25,1750,"Colombia","2012","Caturra","Washed / Wet",1,0,0,0,0,1,"Caturra",0,0,1,0,0,0
82.17,934,"Brazil","2016","Bourbon","Natural / Dry",5,1,0,0,0,0,"Bourbon",1,0,0,0,0,0
82.17,1500,"Honduras","2015","Caturra","Washed / Wet",2,1,0,0,0,1,"Caturra",0,0,1,0,0,0
82.17,1100,"Mexico","2013","Other","Washed / Wet",0,0,0,0,0,1,"Other",0,0,0,0,0,1
82.17,1400,"Mexico","2013","Other","Washed / Wet",2,0,0,0,0,1,"Other",0,0,0,0,0,1
82.17,1750,"Colombia","2013","Caturra","Washed / Wet",1,0,0,0,0,1,"Caturra",0,0,1,0,0,0
82.17,1350,"Guatemala","2012","Caturra","Washed / Wet",2,0,0,0,0,1,"Caturra",0,0,1,0,0,0
82.08,1600,"Tanzania, United Republic Of","2014","Other","Washed / Wet",3,0,0,0,0,1,"Other",0,0,0,0,0,0
82.08,1250,"Mexico","2012","Typica","Washed / Wet",1,0,0,0,0,1,"Typica",0,0,0,1,0,1
82,1600,"Honduras","2016","Caturra","Natural / Dry",7,1,0,0,0,0,"Caturra",0,0,1,0,0,0
82,600,"Taiwan","2013","Typica","Washed / Wet",0,0,0,0,0,1,"Typica",0,0,0,1,0,1
82,800,"Thailand","2013","","Washed / Wet",0,0,0,0,0,1,"Other",0,0,0,0,0,0
82,950,"Brazil","2012","Mundo Novo","Semi-washed / Semi-pulped",2,0,0,0,1,0,"Other",0,0,0,0,0,0
81.92,1901,"Guatemala","2017","Bourbon","Washed / Wet",1,0,0,0,0,1,"Bourbon",1,0,0,0,0,0
81.92,1000,"Taiwan","2012","Typica","Other",0,0,1,0,0,0,"Typica",0,0,0,1,0,1
81.92,981,"Mexico","2012","Typica","Semi-washed / Semi-pulped",9,0,0,0,1,0,"Typica",0,0,0,1,0,1
81.92,1650,"Mexico","2012","Other","Washed / Wet",4,0,0,0,0,1,"Other",0,0,0,0,0,1
81.92,1100,"Brazil","2012","Mundo Novo","Natural / Dry",3,0,0,0,0,0,"Other",0,0,0,0,0,0
81.83,1250,"Indonesia","2015","Other","Other",0,1,1,0,0,0,"Other",0,0,0,0,0,0
81.83,1,"Brazil","2015/2016","Yellow Bourbon","Natural / Dry",1,0,0,0,0,0,"Yellow Bourbon",0,0,0,0,1,0
81.83,1,"Brazil","2015/2016","Yellow Bourbon","Natural / Dry",0,0,0,0,0,0,"Yellow Bourbon",0,0,0,0,1,0
81.83,1425,"Mexico","2015","Catuai","Washed / Wet",7,0,0,0,0,1,"Catuai",0,1,0,0,0,1
81.83,1300,"Costa Rica","2015","Caturra","Washed / Wet",0,0,0,0,0,1,"Caturra",0,0,1,0,0,0
81.83,399.483072,"Guatemala","2013","Bourbon","Washed / Wet",1,0,0,0,0,1,"Bourbon",1,0,0,0,0,0
81.83,1500,"Mexico","2012","Bourbon","Washed / Wet",2,0,0,0,0,1,"Bourbon",1,0,0,0,0,1
81.75,1650,"Mexico","2012","Typica","Washed / Wet",1,0,0,0,0,1,"Typica",0,0,0,1,0,1
81.67,1,"Brazil","2015/2016","Yellow Bourbon","Natural / Dry",0,0,0,0,0,0,"Yellow Bourbon",0,0,0,0,1,0
81.67,1700,"Tanzania, United Republic Of","2013","Other","Washed / Wet",7,0,0,0,0,1,"Other",0,0,0,0,0,0
81.67,1260,"Brazil","2014/2015","Bourbon","Washed / Wet",2,0,0,0,0,1,"Bourbon",1,0,0,0,0,0
81.67,534.19248,"Guatemala","2012","Bourbon","Washed / Wet",4,0,0,0,0,1,"Bourbon",1,0,0,0,0,0
81.67,1400,"Mexico","2012","Bourbon","Washed / Wet",4,0,0,0,0,1,"Bourbon",1,0,0,0,0,1
81.67,1400,"Mexico","2012","Bourbon","Washed / Wet",2,0,0,0,0,1,"Bourbon",1,0,0,0,0,1
81.58,1200,"Honduras","2018","Catimor","Washed / Wet",3,1,0,0,0,1,"Other",0,0,0,0,0,0
81.58,850,"Taiwan","2014","Typica","Semi-washed / Semi-pulped",0,0,0,0,1,0,"Typica",0,0,0,1,0,1
81.58,1600,"Mexico","2012","Marigojipe","Natural / Dry",0,0,0,0,0,0,"Other",0,0,0,0,0,1
81.5,180,"Taiwan","2015","Typica","Natural / Dry",2,0,0,0,0,0,"Typica",0,0,0,1,0,1
81.5,371.61216,"Guatemala","2014","Other","Washed / Wet",0,0,0,0,0,1,"Other",0,0,0,0,0,0
81.5,900,"Taiwan","2014","Typica","Washed / Wet",0,0,0,0,0,1,"Typica",0,0,0,1,0,1
81.5,600,"Taiwan","2013/2014","Typica","Other",0,0,1,0,0,0,"Typica",0,0,0,1,0,1
81.5,1100,"Mexico","2012","Catuai","Washed / Wet",10,0,0,0,0,1,"Catuai",0,1,0,0,0,1
81.5,1000,"Mexico","2012","Typica","Semi-washed / Semi-pulped",6,0,0,0,1,0,"Typica",0,0,0,1,0,1
81.5,1250,"Mexico","2012","Bourbon","Washed / Wet",5,0,0,0,0,1,"Bourbon",1,0,0,0,0,1
81.42,1400,"Honduras","2015","Catuai","Washed / Wet",1,0,0,0,0,1,"Catuai",0,1,0,0,0,0
81.42,1100,"Brazil","2014/2015","Bourbon","Natural / Dry",0,0,0,0,0,0,"Bourbon",1,0,0,0,0,0
81.42,1550,"Mexico","2014","Typica","Washed / Wet",2,0,0,0,0,1,"Typica",0,0,0,1,0,1
81.42,763,"Mexico","2012","Caturra","Washed / Wet",9,0,0,0,0,1,"Caturra",0,0,1,0,0,1
81.33,1350,"Honduras","2015","Catuai","Washed / Wet",4,0,0,0,0,1,"Catuai",0,1,0,0,0,0
81.33,1200,"Brazil","2014/2015","Yellow Bourbon","Other",6,0,1,0,0,0,"Yellow Bourbon",0,0,0,0,1,0
81.25,680,"Taiwan","2015","Typica","Natural / Dry",0,0,0,0,0,0,"Typica",0,0,0,1,0,1
81.25,1,"Brazil","2015/2016","Yellow Bourbon","Natural / Dry",1,0,0,0,0,0,"Yellow Bourbon",0,0,0,0,1,0
81.25,1100,"Nicaragua","2015","Catuai","Washed / Wet",4,0,0,0,0,1,"Catuai",0,1,0,0,0,0
81.25,1400,"Honduras","2015","Catuai","Washed / Wet",1,0,0,0,0,1,"Catuai",0,1,0,0,0,0
81.25,1500,"Mexico","2012","Typica","Washed / Wet",1,0,0,0,0,1,"Typica",0,0,0,1,0,1
81.17,1200,"Nicaragua","2016","","Washed / Wet",7,0,0,0,0,1,"Other",0,0,0,0,0,0
81.17,1050,"Tanzania, United Republic Of","2015/2016","Bourbon","Washed / Wet",2,0,0,0,0,1,"Bourbon",1,0,0,0,0,0
81.17,1450,"Honduras","2015","Catuai","Natural / Dry",1,0,0,0,0,0,"Catuai",0,1,0,0,0,0
81.17,1450,"Thailand","2014","Caturra","Washed / Wet",0,0,0,0,0,1,"Caturra",0,0,1,0,0,0
81.08,1100,"Nicaragua","2015","Other","Washed / Wet",1,0,0,0,0,1,"Other",0,0,0,0,0,0
81.08,520.257024,"United States","2014","Pache Comun","Natural / Dry",0,0,0,0,0,0,"Other",0,0,0,0,0,1
81.08,1650,"Mexico","2012","Typica","Washed / Wet",21,0,0,0,0,1,"Typica",0,0,0,1,0,1
81.08,1200,"Mexico","2012","Typica","Washed / Wet",1,0,0,0,0,1,"Typica",0,0,0,1,0,1
81,371.61216,"Guatemala","2015","Bourbon","Washed / Wet",1,0,0,0,0,1,"Bourbon",1,0,0,0,0,0
81,1350,"Honduras","2014","Caturra","Natural / Dry",1,0,0,0,0,0,"Caturra",0,0,1,0,0,0
81,1525,"Tanzania, United Republic Of","2014","Other","Washed / Wet",5,0,0,0,0,1,"Other",0,0,0,0,0,0
81,1700,"Uganda","2013","SL14","Natural / Dry",3,0,0,0,0,0,"Other",0,0,0,0,0,0
81,1100,"Mexico","2012","Typica","Washed / Wet",8,0,0,0,0,1,"Typica",0,0,0,1,0,1
80.92,1100,"Mexico","2017","Bourbon","Washed / Wet",11,0,0,0,0,1,"Bourbon",1,0,0,0,0,1
80.92,1100,"Brazil","2014/2015","Bourbon","Natural / Dry",0,0,0,0,0,0,"Bourbon",1,0,0,0,0,0
80.92,688,"Taiwan","2013/2014","Typica","Other",0,0,1,0,0,0,"Typica",0,0,0,1,0,1
80.83,1100,"Mexico","2012","Typica","Washed / Wet",3,0,0,0,0,1,"Typica",0,0,0,1,0,1
80.75,520.257024,"Guatemala","2015","Caturra","Washed / Wet",1,0,0,0,0,1,"Caturra",0,0,1,0,0,0
80.75,1450,"Honduras","2015","Caturra","Natural / Dry",2,0,0,0,0,0,"Caturra",0,0,1,0,0,0
80.75,1000,"Haiti","2012","Typica","Washed / Wet",0,0,0,0,0,1,"Typica",0,0,0,1,0,0
80.67,1550,"Colombia","2014","Caturra","Natural / Dry",1,0,0,0,0,0,"Caturra",0,0,1,0,0,0
80.67,1550,"Guatemala","2013","Bourbon","Washed / Wet",5,0,0,0,0,1,"Bourbon",1,0,0,0,0,0
80.58,1400,"Honduras","2014","Caturra","Washed / Wet",5,0,0,0,0,1,"Caturra",0,0,1,0,0,0
80.58,421.7798016,"Guatemala","2014","Bourbon","Natural / Dry",5,0,0,0,0,0,"Bourbon",1,0,0,0,0,0
80.5,1500,"Guatemala","2017","Caturra","Washed / Wet",4,0,0,0,0,1,"Caturra",0,0,1,0,0,0
80.42,1700,"China","2013","Other","Washed / Wet",14,0,0,0,0,1,"Other",0,0,0,0,0,1
80.33,600,"Taiwan","2013/2014","Yellow Bourbon","Other",0,0,1,0,0,0,"Yellow Bourbon",0,0,0,0,1,1
80.33,940,"Mexico","2012","Typica","Semi-washed / Semi-pulped",21,0,0,0,1,0,"Typica",0,0,0,1,0,1
80.25,1400,"Honduras","2016","Caturra","Natural / Dry",4,0,0,0,0,0,"Caturra",0,0,1,0,0,0
80.17,1400,"Honduras","2015","Catuai","Washed / Wet",0,0,0,0,0,1,"Catuai",0,1,0,0,0,0
80.17,1550,"Mexico","2012","Typica","Washed / Wet",3,0,0,0,0,1,"Typica",0,0,0,1,0,1
80.17,399.483072,"Guatemala","2012","Bourbon","Washed / Wet",5,0,0,0,0,1,"Bourbon",1,0,0,0,0,0
80.08,1100,"Brazil","2017 / 2018","Bourbon","Pulped natural / honey",5,0,0,1,0,0,"Bourbon",1,0,0,0,0,0
80.08,850,"Taiwan","2014","Typica","Washed / Wet",0,0,0,0,0,1,"Typica",0,0,0,1,0,1
80.08,250,"Taiwan","2013/2014","Typica","Semi-washed / Semi-pulped",0,0,0,0,1,0,"Typica",0,0,0,1,0,1
80.08,1300,"Mexico","2012","Typica","Washed / Wet",18,0,0,0,0,1,"Typica",0,0,0,1,0,1
80,1250,"Mexico","2012","Typica","Washed / Wet",9,0,0,0,0,1,"Typica",0,0,0,1,0,1
80,1100,"Mexico","2012","Other","Washed / Wet",12,0,0,0,0,1,"Other",0,0,0,0,0,1
79.92,1100,"Mexico","2012","Other","Washed / Wet",8,0,0,0,0,1,"Other",0,0,0,0,0,1
79.92,1250,"Mexico","2012","Typica","Natural / Dry",6,0,0,0,0,0,"Typica",0,0,0,1,0,1
79.75,600,"Taiwan","2013","Typica","Washed / Wet",0,0,0,0,0,1,"Typica",0,0,0,1,0,1
79.75,1100,"Costa Rica","2013","Catuai","Washed / Wet",4,0,0,0,0,1,"Catuai",0,1,0,0,0,0
79.75,1400,"Mexico","2013","Typica","Washed / Wet",4,0,0,0,0,1,"Typica",0,0,0,1,0,1
79.75,1022,"Mexico","2013","Bourbon","Washed / Wet",4,0,0,0,0,1,"Bourbon",1,0,0,0,0,1
79.75,1450,"Mexico","2012","Bourbon","Washed / Wet",0,0,0,0,0,1,"Bourbon",1,0,0,0,0,1
79.67,399.483072,"Guatemala","2013","Bourbon","Washed / Wet",6,0,0,0,0,1,"Bourbon",1,0,0,0,0,0
79.58,1250,"Mexico","2012","Typica","Washed / Wet",11,0,0,0,0,1,"Typica",0,0,0,1,0,1
79.42,371.61216,"Guatemala","2014","Other","Washed / Wet",5,0,0,0,0,1,"Other",0,0,0,0,0,0
79.33,200,"Cote d?Ivoire","2016","","Washed / Wet",3,0,0,0,0,1,"Other",0,0,0,0,0,0
79.33,950,"Mexico","2012","Typica","Washed / Wet",23,0,0,0,0,1,"Typica",0,0,0,1,0,1
79.17,371.61216,"Guatemala","2017","Bourbon","Washed / Wet",0,0,0,0,0,1,"Bourbon",1,0,0,0,0,0
79.08,1700,"Guatemala","2017","Bourbon","Washed / Wet",1,0,0,0,0,1,"Bourbon",1,0,0,0,0,0
79.08,260.128512,"United States (Puerto Rico)","2013","Other","Washed / Wet",0,0,0,0,0,1,"Other",0,0,0,0,0,0
79.08,1100,"Mexico","2012","Mundo Novo","Washed / Wet",45,0,0,0,0,1,"Other",0,0,0,0,0,1
79,371.61216,"Guatemala","2014","Other","Washed / Wet",3,0,0,0,0,1,"Other",0,0,0,0,0,0
79,1300,"Mexico","2012","Mundo Novo","Natural / Dry",12,0,0,0,0,0,"Other",0,0,0,0,0,1
78.92,1300,"Mexico","2013","Typica","Washed / Wet",8,0,0,0,0,1,"Typica",0,0,0,1,0,1
78.83,1100,"Nicaragua","2016","Caturra","Other",4,2,1,0,0,0,"Caturra",0,0,1,0,0,0
78.75,399.483072,"Guatemala","2013","Bourbon","Washed / Wet",9,0,0,0,0,1,"Bourbon",1,0,0,0,0,0
78.75,1350,"Mexico","2012","Bourbon","Washed / Wet",0,0,0,0,0,1,"Bourbon",1,0,0,0,0,1
78.67,1850,"China","2013","Typica","Washed / Wet",5,0,0,0,0,1,"Typica",0,0,0,1,0,1
78.58,371.61216,"Guatemala","2014","Other","Washed / Wet",3,0,0,0,0,1,"Other",0,0,0,0,0,0
78.5,1200,"Mexico","2012","Caturra","Washed / Wet",4,0,0,0,0,1,"Caturra",0,0,1,0,0,1
78.17,1300,"Indonesia","2016","Java","Washed / Wet",1,0,0,0,0,1,"Other",0,0,0,0,0,0
78.08,1050,"Mexico","2012","Typica","Washed / Wet",3,0,0,0,0,1,"Typica",0,0,0,1,0,1
77.92,1200,"Costa Rica","2014","Caturra","Washed / Wet",6,0,0,0,0,1,"Caturra",0,0,1,0,0,0
77.83,399.483072,"Guatemala","2013","Bourbon","Washed / Wet",2,0,0,0,0,1,"Bourbon",1,0,0,0,0,0
77.25,825,"Haiti","2013","Typica","Washed / Wet",1,0,0,0,0,1,"Typica",0,0,0,1,0,0
77.17,1200,"Mexico","2012","Other","Washed / Wet",12,0,0,0,0,1,"Other",0,0,0,0,0,1
76.33,399.483072,"Guatemala","2012","Bourbon","Washed / Wet",8,0,0,0,0,1,"Bourbon",1,0,0,0,0,0
76.08,1250,"Mexico","2012","Bourbon","Washed / Wet",12,0,0,0,0,1,"Bourbon",1,0,0,0,0,1
74.92,1500,"Mexico","2012","Typica","Washed / Wet",6,0,0,0,0,1,"Typica",0,0,0,1,0,1
74.67,1700,"Mexico","2013","Typica","Washed / Wet",7,0,0,0,0,1,"Typica",0,0,0,1,0,1
74.33,399.483072,"Guatemala","2013","Bourbon","Washed / Wet",2,0,0,0,0,1,"Bourbon",1,0,0,0,0,0
71.75,1200,"Costa Rica","2014","Caturra","Washed / Wet",7,0,0,0,0,1,"Caturra",0,0,1,0,0,0
69.33,1450,"Honduras","2014","Catuai","Washed / Wet",4,0,0,0,0,1,"Catuai",0,1,0,0,0,0
63.08,1100,"Nicaragua","2016","Caturra","Other",6,0,1,0,0,0,"Caturra",0,0,1,0,0,0
