"Total.Cup.Points","altitude_mean_meters_adj","Country.of.Origin","Harvest.Year","Variety","Processing.Method","Processing.Method_Other","Processing.Method_Pulped natural / honey","Processing.Method_Semi-washed / Semi-pulped","Processing.Method_Washed / Wet","variety_adj","variety_adj_Bourbon","variety_adj_Caturra","variety_adj_Typica","Non_Tropical","mean_temp"
89.92,2075,"Ethiopia","2014","Other","Washed / Wet",0,0,0,1,"Other",0,0,0,0,9.57066666666667
88.83,2075,"Ethiopia","2014","Other","Washed / Wet",0,0,0,1,"Other",0,0,0,0,9.57066666666667
87.92,1872,"United States","2014","Other","Washed / Wet",0,0,0,1,"Other",0,0,0,1,9.57066666666667
87.25,1450,"China","2015","Catimor","Washed / Wet",0,0,0,1,"Other",0,0,0,1,9.831
87.17,1300,"Costa Rica","2014","Caturra","Washed / Wet",0,0,0,1,"Caturra",0,1,0,0,9.57066666666667
86.83,1950,"Uganda","2013","SL14","Washed / Wet",0,0,0,1,"Other",0,0,0,0,9.6065
86.25,1775,"Ethiopia","2014","","Natural / Dry",0,0,0,0,"Other",0,0,0,0,9.57066666666667
86.25,1800,"Kenya","2013","SL34","Washed / Wet",0,0,0,1,"Other",0,0,0,0,9.6065
86,1650,"Uganda","2012","Other","Washed / Wet",0,0,0,1,"Other",0,0,0,0,9.50733333333333
85.92,1650,"Uganda","2013","SL14","Natural / Dry",0,0,0,0,"Other",0,0,0,0,9.6065
85.83,1900,"Ethiopia","2014","","Washed / Wet",0,0,0,1,"Other",0,0,0,0,9.57066666666667
85.58,1500,"El Salvador","2013","Bourbon","Washed / Wet",0,0,0,1,"Bourbon",1,0,0,0,9.6065
85.5,1900,"Kenya","2014","SL28","Natural / Dry",0,0,0,0,"Other",0,0,0,0,9.57066666666667
85.42,1950,"Uganda","2013","SL14","Washed / Wet",0,0,0,1,"Other",0,0,0,0,9.6065
85.33,1600,"Kenya","2012","SL34","Washed / Wet",0,0,0,1,"Other",0,0,0,0,9.50733333333333
85.25,1550,"Colombia","2015","Caturra","Washed / Wet",0,0,0,1,"Caturra",0,1,0,0,9.831
85.17,1325,"Indonesia","2012","Sumatra Lintong","Semi-washed / Semi-pulped",0,0,1,0,"Other",0,0,0,0,9.50733333333333
85.08,2560,"Colombia","2015","Caturra","Natural / Dry",0,0,0,0,"Caturra",0,1,0,0,9.831
85.08,1700,"Ethiopia","2014","","Natural / Dry",0,0,0,0,"Other",0,0,0,0,9.57066666666667
85,1580,"Kenya","2012","SL34","Washed / Wet",0,0,0,1,"Other",0,0,0,0,9.50733333333333
84.92,1775,"Colombia","2015","Caturra","Washed / Wet",0,0,0,1,"Caturra",0,1,0,0,9.831
84.92,1620,"Tanzania, United Republic Of","2014","Other","Washed / Wet",0,0,0,1,"Other",0,0,0,0,9.57066666666667
84.83,1650,"Uganda","2013","SL14","Natural / Dry",0,0,0,0,"Other",0,0,0,0,9.6065
84.67,1150,"Costa Rica","2015","Catuai","Washed / Wet",0,0,0,1,"Other",0,0,0,0,9.831
84.67,1900,"Ethiopia","2014","Ethiopian Yirgacheffe","Washed / Wet",0,0,0,1,"Other",0,0,0,0,9.57066666666667
84.67,1750,"Costa Rica","2014","Other","Other",1,0,0,0,"Other",0,0,0,0,9.57066666666667
84.67,1550,"Colombia","2013","Caturra","Washed / Wet",0,0,0,1,"Caturra",0,1,0,0,9.6065
84.67,1200,"Mexico","2012","Typica","Washed / Wet",0,0,0,1,"Typica",0,0,1,1,9.50733333333333
84.58,371.61216,"Guatemala","2014","Bourbon","Washed / Wet",0,0,0,1,"Bourbon",1,0,0,0,9.57066666666667
84.5,1350,"Mexico","2012","Typica","Washed / Wet",0,0,0,1,"Typica",0,0,1,1,9.50733333333333
84.33,442,"Colombia","2015","Caturra","Natural / Dry",0,0,0,0,"Caturra",0,1,0,0,9.831
84.25,1400,"China","2015","Catimor","Natural / Dry",0,0,0,0,"Other",0,0,0,1,9.831
84.25,1775,"Colombia","2015","Caturra","Washed / Wet",0,0,0,1,"Caturra",0,1,0,0,9.831
84.25,1620,"Tanzania, United Republic Of","2014","Other","Washed / Wet",0,0,0,1,"Other",0,0,0,0,9.57066666666667
84.25,1450,"Mexico","2012","Typica","Semi-washed / Semi-pulped",0,0,1,0,"Typica",0,0,1,1,9.50733333333333
84.25,1700,"Uganda","2012","Other","Natural / Dry",0,0,0,0,"Other",0,0,0,0,9.50733333333333
84.17,1775,"Colombia","2015","Caturra","Washed / Wet",0,0,0,1,"Caturra",0,1,0,0,9.831
84.17,1000,"Nicaragua","2015","Caturra","Natural / Dry",0,0,0,0,"Caturra",0,1,0,0,9.831
84.17,1606.5,"Ethiopia","2014","Gesha","Natural / Dry",0,0,0,0,"Other",0,0,0,0,9.57066666666667
84.17,1400,"Tanzania, United Republic Of","2014","Other","Washed / Wet",0,0,0,1,"Other",0,0,0,0,9.57066666666667
84.17,250.5,"Kenya","2013","SL28","Washed / Wet",0,0,0,1,"Other",0,0,0,0,9.6065
84.17,1500,"El Salvador","2013","Bourbon","Natural / Dry",0,0,0,0,"Bourbon",1,0,0,0,9.6065
84,1600,"Colombia","2015","Other","Washed / Wet",0,0,0,1,"Other",0,0,0,0,9.831
84,371.61216,"Guatemala","2014","Bourbon","Other",1,0,0,0,"Bourbon",1,0,0,0,9.57066666666667
84,1450,"Colombia","2014","Caturra","Natural / Dry",0,0,0,0,"Caturra",0,1,0,0,9.57066666666667
84,1775,"Colombia","2014","Caturra","Washed / Wet",0,0,0,1,"Caturra",0,1,0,0,9.57066666666667
84,1260,"Brazil","2014","Yellow Bourbon","Natural / Dry",0,0,0,0,"Other",0,0,0,0,9.57066666666667
84,1700,"Colombia","2013","Caturra","Washed / Wet",0,0,0,1,"Caturra",0,1,0,0,9.6065
84,1200,"Kenya","2012","SL34","Washed / Wet",0,0,0,1,"Other",0,0,0,0,9.50733333333333
84,1700,"Uganda","2012","Other","Washed / Wet",0,0,0,1,"Other",0,0,0,0,9.50733333333333
83.92,1400,"Mexico","2012","Typica","Washed / Wet",0,0,0,1,"Typica",0,0,1,1,9.50733333333333
83.83,1850,"Costa Rica","2015","Caturra","Washed / Wet",0,0,0,1,"Caturra",0,1,0,0,9.831
83.83,525,"Taiwan","2014","Typica","Washed / Wet",0,0,0,1,"Typica",0,0,1,1,9.57066666666667
83.83,1750,"Colombia","2013","Caturra","Washed / Wet",0,0,0,1,"Caturra",0,1,0,0,9.6065
83.75,1650,"China","2015","Catimor","Washed / Wet",0,0,0,1,"Other",0,0,0,1,9.831
83.75,1750,"Colombia","2013","Caturra","Washed / Wet",0,0,0,1,"Caturra",0,1,0,0,9.6065
83.75,1750,"Colombia","2013","Caturra","Washed / Wet",0,0,0,1,"Caturra",0,1,0,0,9.6065
83.75,1300,"Guatemala","2012","Caturra","Washed / Wet",0,0,0,1,"Caturra",0,1,0,0,9.50733333333333
83.67,413.51143104,"Guatemala","2014","Bourbon","Washed / Wet",0,0,0,1,"Bourbon",1,0,0,0,9.57066666666667
83.67,1750,"Colombia","2013","Caturra","Washed / Wet",0,0,0,1,"Caturra",0,1,0,0,9.6065
83.67,1900,"Colombia","2013","Caturra","Washed / Wet",0,0,0,1,"Caturra",0,1,0,0,9.6065
83.67,1400,"Indonesia","2012","Typica","Washed / Wet",0,0,0,1,"Typica",0,0,1,0,9.50733333333333
83.58,1775,"Colombia","2012","Caturra","Washed / Wet",0,0,0,1,"Caturra",0,1,0,0,9.50733333333333
83.58,2136,"Colombia","2012","Caturra","Natural / Dry",0,0,0,0,"Caturra",0,1,0,0,9.50733333333333
83.5,1500,"Indonesia","2015","Sumatra","Semi-washed / Semi-pulped",0,0,1,0,"Other",0,0,0,0,9.831
83.5,1750,"Colombia","2013","Caturra","Washed / Wet",0,0,0,1,"Caturra",0,1,0,0,9.6065
83.5,464.5152,"Guatemala","2012","Caturra","Washed / Wet",0,0,0,1,"Caturra",0,1,0,0,9.50733333333333
83.42,1800,"Uganda","2015","SL14","Washed / Wet",0,0,0,1,"Other",0,0,0,0,9.831
83.42,442,"Colombia","2015","Caturra","Natural / Dry",0,0,0,0,"Caturra",0,1,0,0,9.831
83.42,1600,"Tanzania, United Republic Of","2014","Bourbon","Washed / Wet",0,0,0,1,"Bourbon",1,0,0,0,9.57066666666667
83.42,1500,"Guatemala","2014","Caturra","Washed / Wet",0,0,0,1,"Caturra",0,1,0,0,9.57066666666667
83.42,399.483072,"Guatemala","2013","Bourbon","Washed / Wet",0,0,0,1,"Bourbon",1,0,0,0,9.6065
83.33,1200,"Mexico","2014","Caturra","Washed / Wet",0,0,0,1,"Caturra",0,1,0,1,9.57066666666667
83.33,1700,"Tanzania, United Republic Of","2014","Other","Semi-washed / Semi-pulped",0,0,1,0,"Other",0,0,0,0,9.57066666666667
83.33,1100,"Mexico","2013","Other","Washed / Wet",0,0,0,1,"Other",0,0,0,1,9.6065
83.33,1000,"Colombia","2013","Caturra","Natural / Dry",0,0,0,0,"Caturra",0,1,0,0,9.6065
83.33,1880,"Burundi","2012","Bourbon","Washed / Wet",0,0,0,1,"Bourbon",1,0,0,0,9.50733333333333
83.33,1750,"Colombia","2012","Caturra","Washed / Wet",0,0,0,1,"Caturra",0,1,0,0,9.50733333333333
83.25,1500,"Guatemala","2014","Caturra","Washed / Wet",0,0,0,1,"Caturra",0,1,0,0,9.57066666666667
83.25,1300,"Mexico","2013","Bourbon","Washed / Wet",0,0,0,1,"Bourbon",1,0,0,1,9.6065
83.25,399.483072,"Guatemala","2012","Bourbon","Washed / Wet",0,0,0,1,"Bourbon",1,0,0,0,9.50733333333333
83.25,175,"Colombia","2012","Caturra","Washed / Wet",0,0,0,1,"Caturra",0,1,0,0,9.50733333333333
83.25,1775,"Colombia","2012","Caturra","Washed / Wet",0,0,0,1,"Caturra",0,1,0,0,9.50733333333333
83.17,1600,"China","2015","Catimor","Washed / Wet",0,0,0,1,"Other",0,0,0,1,9.831
83.17,800,"Thailand","2014","","Washed / Wet",0,0,0,1,"Other",0,0,0,0,9.57066666666667
83.17,1653,"Tanzania, United Republic Of","2014","Other","Washed / Wet",0,0,0,1,"Other",0,0,0,0,9.57066666666667
83.17,1775,"Colombia","2014","Caturra","Washed / Wet",0,0,0,1,"Caturra",0,1,0,0,9.57066666666667
83.17,1800,"Uganda","2014","SL14","Washed / Wet",0,0,0,1,"Other",0,0,0,0,9.57066666666667
83.17,1450,"Honduras","2013","Catuai","Natural / Dry",0,0,0,0,"Other",0,0,0,0,9.6065
83.17,464.5152,"Guatemala","2014","Catuai","Washed / Wet",0,0,0,1,"Other",0,0,0,0,9.57066666666667
83.17,1800,"Tanzania, United Republic Of","2014","Bourbon","Washed / Wet",0,0,0,1,"Bourbon",1,0,0,0,9.57066666666667
83.17,1500,"Mexico","2013","Typica","Washed / Wet",0,0,0,1,"Typica",0,0,1,1,9.6065
83.17,1380,"Mexico","2012","Typica","Washed / Wet",0,0,0,1,"Typica",0,0,1,1,9.50733333333333
83.17,427.353984,"Guatemala","2012","Bourbon","Washed / Wet",0,0,0,1,"Bourbon",1,0,0,0,9.50733333333333
83,1500,"Guatemala","2015","Bourbon","Washed / Wet",0,0,0,1,"Bourbon",1,0,0,0,9.831
83,1750,"Colombia","2013","Caturra","Washed / Wet",0,0,0,1,"Caturra",0,1,0,0,9.6065
83,1000,"Colombia","2013","Caturra","Natural / Dry",0,0,0,0,"Caturra",0,1,0,0,9.6065
83,1200,"Mexico","2012","Typica","Semi-washed / Semi-pulped",0,0,1,0,"Typica",0,0,1,1,9.50733333333333
83,1200,"Mexico","2012","Bourbon","Washed / Wet",0,0,0,1,"Bourbon",1,0,0,1,9.50733333333333
83,1625,"Colombia","2012","Caturra","Washed / Wet",0,0,0,1,"Caturra",0,1,0,0,9.50733333333333
83,418.06368,"Guatemala","2012","Bourbon","Washed / Wet",0,0,0,1,"Bourbon",1,0,0,0,9.50733333333333
83,1775,"Colombia","2011","Caturra","Washed / Wet",0,0,0,1,"Caturra",0,1,0,0,9.516
82.92,775,"Taiwan","2014","Typica","Natural / Dry",0,0,0,0,"Typica",0,0,1,1,9.57066666666667
82.92,1400,"Uganda","2013","SL14","Washed / Wet",0,0,0,1,"Other",0,0,0,0,9.6065
82.92,1500,"Guatemala","2014","Bourbon","Washed / Wet",0,0,0,1,"Bourbon",1,0,0,0,9.57066666666667
82.92,520.257024,"Guatemala","2013","Bourbon","Washed / Wet",0,0,0,1,"Bourbon",1,0,0,0,9.6065
82.92,1040,"Vietnam","2012","Other","Natural / Dry",0,0,0,0,"Other",0,0,0,0,9.50733333333333
82.83,1040,"Vietnam","2014","Other","Other",1,0,0,0,"Other",0,0,0,0,9.57066666666667
82.83,900,"Brazil","2015","Catuai","Natural / Dry",0,0,0,0,"Other",0,0,0,0,9.831
82.83,1380,"Mexico","2012","Typica","Washed / Wet",0,0,0,1,"Typica",0,0,1,1,9.50733333333333
82.75,1550,"Mexico","2013","Typica","Washed / Wet",0,0,0,1,"Typica",0,0,1,1,9.6065
82.75,1775,"Colombia","2012","Caturra","Washed / Wet",0,0,0,1,"Caturra",0,1,0,0,9.50733333333333
82.75,1100,"Panama","2012","Catuai","Washed / Wet",0,0,0,1,"Other",0,0,0,0,9.50733333333333
82.67,1300,"Laos","2015","Catimor","Washed / Wet",0,0,0,1,"Other",0,0,0,0,9.831
82.67,1550,"Tanzania, United Republic Of","2014","Bourbon","Washed / Wet",0,0,0,1,"Bourbon",1,0,0,0,9.57066666666667
82.67,1650,"Uganda","2013","SL14","Washed / Wet",0,0,0,1,"Other",0,0,0,0,9.6065
82.67,1240,"Taiwan","2014","Typica","Washed / Wet",0,0,0,1,"Typica",0,0,1,1,9.57066666666667
82.67,1500,"Thailand","2013","Caturra","Washed / Wet",0,0,0,1,"Caturra",0,1,0,0,9.6065
82.67,1800,"Colombia","2012","Caturra","Washed / Wet",0,0,0,1,"Caturra",0,1,0,0,9.50733333333333
82.58,1450,"Thailand","2014","Caturra","Washed / Wet",0,0,0,1,"Caturra",0,1,0,0,9.57066666666667
82.58,1750,"Colombia","2012","Caturra","Washed / Wet",0,0,0,1,"Caturra",0,1,0,0,9.50733333333333
82.58,1250,"Mexico","2012","Typica","Washed / Wet",0,0,0,1,"Typica",0,0,1,1,9.50733333333333
82.5,1600,"Tanzania, United Republic Of","2014","Other","Washed / Wet",0,0,0,1,"Other",0,0,0,0,9.57066666666667
82.5,1600,"Mexico","2013","Other","Washed / Wet",0,0,0,1,"Other",0,0,0,1,9.6065
82.5,399.483072,"Guatemala","2013","Bourbon","Washed / Wet",0,0,0,1,"Bourbon",1,0,0,0,9.6065
82.5,399.483072,"Guatemala","2013","Bourbon","Washed / Wet",0,0,0,1,"Bourbon",1,0,0,0,9.6065
82.42,1400,"Guatemala","2013","Caturra","Washed / Wet",0,0,0,1,"Caturra",0,1,0,0,9.6065
82.42,1170,"Mexico","2013","Bourbon","Washed / Wet",0,0,0,1,"Bourbon",1,0,0,1,9.6065
82.42,1775,"Colombia","2013","Caturra","Washed / Wet",0,0,0,1,"Caturra",0,1,0,0,9.6065
82.42,1560,"Mexico","2013","Typica","Washed / Wet",0,0,0,1,"Typica",0,0,1,1,9.6065
82.42,1300,"Mexico","2012","Typica","Washed / Wet",0,0,0,1,"Typica",0,0,1,1,9.50733333333333
82.42,1170,"Mexico","2012","Caturra","Washed / Wet",0,0,0,1,"Caturra",0,1,0,1,9.50733333333333
82.42,1350,"Mexico","2012","Pacamara","Washed / Wet",0,0,0,1,"Other",0,0,0,1,9.50733333333333
82.42,442,"Colombia","2012","Caturra","Natural / Dry",0,0,0,0,"Caturra",0,1,0,0,9.50733333333333
82.42,1750,"Colombia","2011","Caturra","Washed / Wet",0,0,0,1,"Caturra",0,1,0,0,9.516
82.33,1850,"Costa Rica","2015","Caturra","Washed / Wet",0,0,0,1,"Caturra",0,1,0,0,9.831
82.33,1550,"Costa Rica","2015","Catuai","Washed / Wet",0,0,0,1,"Other",0,0,0,0,9.831
82.33,1300,"Mexico","2013","Typica","Washed / Wet",0,0,0,1,"Typica",0,0,1,1,9.6065
82.33,441,"Mexico","2012","Typica","Natural / Dry",0,0,0,0,"Typica",0,0,1,1,9.50733333333333
82.33,1300,"Mexico","2012","Typica","Washed / Wet",0,0,0,1,"Typica",0,0,1,1,9.50733333333333
82.33,442,"Colombia","2012","Caturra","Natural / Dry",0,0,0,0,"Caturra",0,1,0,0,9.50733333333333
82.25,1500,"El Salvador","2014","Bourbon","Washed / Wet",0,0,0,1,"Bourbon",1,0,0,0,9.57066666666667
82.25,1180,"Malawi","2014","Gesha","Washed / Wet",0,0,0,1,"Other",0,0,0,0,9.57066666666667
82.25,423.91657152,"Guatemala","2012","Bourbon","Washed / Wet",0,0,0,1,"Bourbon",1,0,0,0,9.50733333333333
82.25,1100,"Mexico","2012","Typica","Washed / Wet",0,0,0,1,"Typica",0,0,1,1,9.50733333333333
82.25,1750,"Colombia","2012","Caturra","Washed / Wet",0,0,0,1,"Caturra",0,1,0,0,9.50733333333333
82.25,1775,"Colombia","2012","Caturra","Washed / Wet",0,0,0,1,"Caturra",0,1,0,0,9.50733333333333
82.17,1144,"Mexico","2012","Typica","Washed / Wet",0,0,0,1,"Typica",0,0,1,1,9.50733333333333
82.17,1350,"Guatemala","2012","Caturra","Washed / Wet",0,0,0,1,"Caturra",0,1,0,0,9.50733333333333
82.17,1000,"Mexico","2012","Typica","Washed / Wet",0,0,0,1,"Typica",0,0,1,1,9.50733333333333
82.08,1300,"Costa Rica","2015","Caturra","Washed / Wet",0,0,0,1,"Caturra",0,1,0,0,9.831
82.08,1500,"Tanzania, United Republic Of","2014","Bourbon","Washed / Wet",0,0,0,1,"Bourbon",1,0,0,0,9.57066666666667
82.08,1250,"Mexico","2012","Typica","Washed / Wet",0,0,0,1,"Typica",0,0,1,1,9.50733333333333
82,1350,"Tanzania, United Republic Of","2014","Other","Washed / Wet",0,0,0,1,"Other",0,0,0,0,9.57066666666667
82,600,"Taiwan","2013","Typica","Washed / Wet",0,0,0,1,"Typica",0,0,1,1,9.6065
82,1038.5,"Brazil","2012","Mundo Novo","Natural / Dry",0,0,0,0,"Other",0,0,0,0,9.50733333333333
82,940,"Mexico","2012","Typica","Washed / Wet",0,0,0,1,"Typica",0,0,1,1,9.50733333333333
82,1000,"Brazil","2012","Mundo Novo","Natural / Dry",0,0,0,0,"Other",0,0,0,0,9.50733333333333
82,427.353984,"Guatemala","2012","Bourbon","Washed / Wet",0,0,0,1,"Bourbon",1,0,0,0,9.50733333333333
81.92,1550,"Guatemala","2015","Catuai","Washed / Wet",0,0,0,1,"Other",0,0,0,0,9.831
81.92,1000,"Taiwan","2012","Typica","Other",1,0,0,0,"Typica",0,0,1,1,9.50733333333333
81.92,981,"Mexico","2012","Typica","Semi-washed / Semi-pulped",0,0,1,0,"Typica",0,0,1,1,9.50733333333333
81.92,1650,"Mexico","2012","Other","Washed / Wet",0,0,0,1,"Other",0,0,0,1,9.50733333333333
81.83,1300,"Costa Rica","2015","Caturra","Washed / Wet",0,0,0,1,"Caturra",0,1,0,0,9.831
81.83,1100,"Brazil","2015","Bourbon","Natural / Dry",0,0,0,0,"Bourbon",1,0,0,0,9.831
81.83,1550,"Mexico","2014","Typica","Washed / Wet",0,0,0,1,"Typica",0,0,1,1,9.57066666666667
81.83,1250,"Brazil","2012","Bourbon","Semi-washed / Semi-pulped",0,0,1,0,"Bourbon",1,0,0,0,9.50733333333333
81.75,1040,"Vietnam","2014","Caturra","Washed / Wet",0,0,0,1,"Caturra",0,1,0,0,9.57066666666667
81.75,1100,"Mexico","2012","Typica","Washed / Wet",0,0,0,1,"Typica",0,0,1,1,9.50733333333333
81.75,1550,"Mexico","2012","Caturra","Washed / Wet",0,0,0,1,"Caturra",0,1,0,1,9.50733333333333
81.75,1650,"Mexico","2012","Typica","Washed / Wet",0,0,0,1,"Typica",0,0,1,1,9.50733333333333
81.67,1500,"Tanzania, United Republic Of","2014","Other","Washed / Wet",0,0,0,1,"Other",0,0,0,0,9.57066666666667
81.67,1260,"Brazil","2015","Bourbon","Washed / Wet",0,0,0,1,"Bourbon",1,0,0,0,9.831
81.67,1850,"Costa Rica","2013","Caturra","Washed / Wet",0,0,0,1,"Caturra",0,1,0,0,9.6065
81.58,1100,"Malawi","2014","Gesha","Washed / Wet",0,0,0,1,"Other",0,0,0,0,9.57066666666667
81.58,1260,"Brazil","2014","Yellow Bourbon","Washed / Wet",0,0,0,1,"Other",0,0,0,0,9.57066666666667
81.58,399.483072,"Guatemala","2013","Bourbon","Washed / Wet",0,0,0,1,"Bourbon",1,0,0,0,9.6065
81.58,1650,"Mexico","2012","Typica","Natural / Dry",0,0,0,0,"Typica",0,0,1,1,9.50733333333333
81.5,180,"Taiwan","2015","Typica","Natural / Dry",0,0,0,0,"Typica",0,0,1,1,9.831
81.5,1599,"Malawi","2014","Gesha","Washed / Wet",0,0,0,1,"Other",0,0,0,0,9.57066666666667
81.42,763,"Mexico","2012","Caturra","Washed / Wet",0,0,0,1,"Caturra",0,1,0,1,9.50733333333333
81.33,1200,"Brazil","2015","Yellow Bourbon","Other",1,0,0,0,"Other",0,0,0,0,9.831
81.33,1200,"Malawi","2014","Gesha","Washed / Wet",0,0,0,1,"Other",0,0,0,0,9.57066666666667
81.33,1800,"Mexico","2012","Typica","Washed / Wet",0,0,0,1,"Typica",0,0,1,1,9.50733333333333
81.25,1100,"Nicaragua","2015","Catuai","Washed / Wet",0,0,0,1,"Other",0,0,0,0,9.831
81.25,650,"Taiwan","2014","Typica","Semi-washed / Semi-pulped",0,0,1,0,"Typica",0,0,1,1,9.57066666666667
81.17,1450,"Thailand","2014","Caturra","Washed / Wet",0,0,0,1,"Caturra",0,1,0,0,9.57066666666667
81.17,1800,"Mexico","2012","Typica","Natural / Dry",0,0,0,0,"Typica",0,0,1,1,9.50733333333333
81.17,1450,"Guatemala","2012","Caturra","Washed / Wet",0,0,0,1,"Caturra",0,1,0,0,9.50733333333333
81.08,520.257024,"United States","2014","Pache Comun","Natural / Dry",0,0,0,0,"Other",0,0,0,1,9.57066666666667
81.08,1500,"Costa Rica","2014","Caturra","Washed / Wet",0,0,0,1,"Caturra",0,1,0,0,9.57066666666667
81,371.61216,"Guatemala","2015","Bourbon","Washed / Wet",0,0,0,1,"Bourbon",1,0,0,0,9.831
81,1525,"Tanzania, United Republic Of","2014","Other","Washed / Wet",0,0,0,1,"Other",0,0,0,0,9.57066666666667
81,1700,"Uganda","2013","SL14","Natural / Dry",0,0,0,0,"Other",0,0,0,0,9.6065
81,950,"Mexico","2012","Other","Washed / Wet",0,0,0,1,"Other",0,0,0,1,9.50733333333333
80.92,1100,"Brazil","2015","Bourbon","Natural / Dry",0,0,0,0,"Bourbon",1,0,0,0,9.831
80.92,1050,"Nicaragua","2013","Caturra","Washed / Wet",0,0,0,1,"Caturra",0,1,0,0,9.6065
80.92,464.5152,"Guatemala","2014","Pacas","Washed / Wet",0,0,0,1,"Other",0,0,0,0,9.57066666666667
80.92,300,"Taiwan","2014","Typica","Washed / Wet",0,0,0,1,"Typica",0,0,1,1,9.57066666666667
80.75,1450,"Honduras","2015","Caturra","Natural / Dry",0,0,0,0,"Caturra",0,1,0,0,9.831
80.75,1680,"Panama","2014","Caturra","Other",1,0,0,0,"Caturra",0,1,0,0,9.57066666666667
80.75,1450,"Honduras","2015","Catuai","Natural / Dry",0,0,0,0,"Other",0,0,0,0,9.831
80.67,185,"Costa Rica","2015","Caturra","Washed / Wet",0,0,0,1,"Caturra",0,1,0,0,9.831
80.5,371.61216,"Guatemala","2014","Other","Washed / Wet",0,0,0,1,"Other",0,0,0,0,9.57066666666667
80.42,600,"Taiwan","2014","Typica","Washed / Wet",0,0,0,1,"Typica",0,0,1,1,9.57066666666667
80.33,940,"Mexico","2012","Typica","Semi-washed / Semi-pulped",0,0,1,0,"Typica",0,0,1,1,9.50733333333333
80.17,1250,"Mexico","2012","Typica","Washed / Wet",0,0,0,1,"Typica",0,0,1,1,9.50733333333333
80.17,1550,"Mexico","2012","Typica","Washed / Wet",0,0,0,1,"Typica",0,0,1,1,9.50733333333333
80.08,200,"Taiwan","2014","Typica","Other",1,0,0,0,"Typica",0,0,1,1,9.57066666666667
80.08,150,"Taiwan","2014","Typica","Washed / Wet",0,0,0,1,"Typica",0,0,1,1,9.57066666666667
80,1400,"Mexico","2014","Typica","Washed / Wet",0,0,0,1,"Typica",0,0,1,1,9.57066666666667
80,250,"Taiwan","2014","Typica","Washed / Wet",0,0,0,1,"Typica",0,0,1,1,9.57066666666667
80,1250,"Mexico","2012","Typica","Washed / Wet",0,0,0,1,"Typica",0,0,1,1,9.50733333333333
80,1100,"Mexico","2012","Other","Washed / Wet",0,0,0,1,"Other",0,0,0,1,9.50733333333333
79.92,1100,"Mexico","2012","Bourbon","Washed / Wet",0,0,0,1,"Bourbon",1,0,0,1,9.50733333333333
79.75,1000,"Taiwan","2014","Typica","Natural / Dry",0,0,0,0,"Typica",0,0,1,1,9.57066666666667
79.75,1100,"Costa Rica","2013","Catuai","Washed / Wet",0,0,0,1,"Other",0,0,0,0,9.6065
79.67,399.483072,"Guatemala","2013","Bourbon","Washed / Wet",0,0,0,1,"Bourbon",1,0,0,0,9.6065
79.67,1400,"Mexico","2013","Typica","Washed / Wet",0,0,0,1,"Typica",0,0,1,1,9.6065
79.5,1550,"Colombia","2013","Caturra","Washed / Wet",0,0,0,1,"Caturra",0,1,0,0,9.6065
79.42,371.61216,"Guatemala","2013","Bourbon","Washed / Wet",0,0,0,1,"Bourbon",1,0,0,0,9.6065
79.33,1200,"Colombia","2013","Caturra","Washed / Wet",0,0,0,1,"Caturra",0,1,0,0,9.6065
79.17,1550,"Mexico","2012","Typica","Washed / Wet",0,0,0,1,"Typica",0,0,1,1,9.50733333333333
79.08,260.128512,"United States (Puerto Rico)","2013","Other","Washed / Wet",0,0,0,1,"Other",0,0,0,0,9.6065
79.08,1500,"Mexico","2012","Typica","Washed / Wet",0,0,0,1,"Typica",0,0,1,1,9.50733333333333
79.08,1100,"Mexico","2012","Mundo Novo","Washed / Wet",0,0,0,1,"Other",0,0,0,1,9.50733333333333
78.75,399.483072,"Guatemala","2013","Bourbon","Washed / Wet",0,0,0,1,"Bourbon",1,0,0,0,9.6065
78.75,1250,"Mexico","2012","Typica","Semi-washed / Semi-pulped",0,0,1,0,"Typica",0,0,1,1,9.50733333333333
78.5,1600,"Mexico","2014","Bourbon","Washed / Wet",0,0,0,1,"Bourbon",1,0,0,1,9.57066666666667
78.42,1500,"Mexico","2012","Typica","Washed / Wet",0,0,0,1,"Typica",0,0,1,1,9.50733333333333
78.33,399.483072,"Guatemala","2012","Bourbon","Washed / Wet",0,0,0,1,"Bourbon",1,0,0,0,9.50733333333333
78,371.61216,"Guatemala","2014","Other","Washed / Wet",0,0,0,1,"Other",0,0,0,0,9.57066666666667
78,399.483072,"Guatemala","2013","Bourbon","Washed / Wet",0,0,0,1,"Bourbon",1,0,0,0,9.6065
77.92,1200,"Costa Rica","2014","Caturra","Washed / Wet",0,0,0,1,"Caturra",0,1,0,0,9.57066666666667
77.42,399.483072,"Guatemala","2013","Bourbon","Washed / Wet",0,0,0,1,"Bourbon",1,0,0,0,9.6065
77.33,371.61216,"Guatemala","2014","Other","Washed / Wet",0,0,0,1,"Other",0,0,0,0,9.57066666666667
77,1200,"Peru","2014","Caturra","Washed / Wet",0,0,0,1,"Caturra",0,1,0,0,9.57066666666667
75.5,1100,"Mexico","2012","Pacamara","Washed / Wet",0,0,0,1,"Other",0,0,0,1,9.50733333333333
75,850,"Mexico","2012","Typica","Washed / Wet",0,0,0,1,"Typica",0,0,1,1,9.50733333333333
74.92,1500,"Mexico","2012","Typica","Washed / Wet",0,0,0,1,"Typica",0,0,1,1,9.50733333333333
74.83,1250,"Mexico","2012","Typica","Washed / Wet",0,0,0,1,"Typica",0,0,1,1,9.50733333333333
73.42,1350,"Honduras","2014","Pacas","Washed / Wet",0,0,0,1,"Other",0,0,0,0,9.57066666666667
72.92,1200,"Mexico","2014","Typica","Washed / Wet",0,0,0,1,"Typica",0,0,1,1,9.57066666666667
71.08,800,"Mexico","2012","Mundo Novo","Washed / Wet",0,0,0,1,"Other",0,0,0,1,9.50733333333333
70.75,1000,"Mexico","2014","Typica","Washed / Wet",0,0,0,1,"Typica",0,0,1,1,9.57066666666667
69.33,1450,"Honduras","2014","Catuai","Washed / Wet",0,0,0,1,"Other",0,0,0,0,9.57066666666667
